"","V1","V2","V3"
"int_row","S","4","A"
"int_row","S","4","L"
"int_row","P","5","L"
"int_row","E","7","Q"
"int_row","V","11","L"
"int_row","V","11","I"
"int_row","V","11","A"
"int_row","V","12","A"
"int_row","L","15","V"
"int_row","F","17","V"
"int_row","S","18","G"
"int_row","R","21","I"
"int_row","K","26","E"
"int_row","R","29","T"
"int_row","R","31","C"
"int_row","R","31","H"
"int_row","R","31","L"
"int_row","L","32","M"
"int_row","I","37","V"
"int_row","Y","38","H"
"int_row","Y","38","N"
"int_row","Y","38","C"
"int_row","Q","39","H"
"int_row","S","42","F"
"int_row","V","43","I"
"int_row","V","43","L"
"int_row","V","43","A"
"int_row","D","44","V"
"int_row","A","46","V"
"int_row","N","48","K"
"int_row","L","49","P"
"int_row","D","58","H"
"int_row","D","58","V"
"int_row","E","60","D"
"int_row","K","65","R"
"int_row","P","67","L"
"int_row","K","68","E"
"int_row","K","68","N"
"int_row","A","72","T"
"int_row","L","73","F"
"int_row","R","74","W"
"int_row","R","74","Q"
"int_row","R","75","Q"
"int_row","R","75","L"
"int_row","C","76","R"
"int_row","C","76","W"
"int_row","F","78","Y"
"int_row","W","79","R"
"int_row","F","83","L"
"int_row","Y","84","H"
"int_row","Y","84","C"
"int_row","G","85","E"
"int_row","I","86","V"
"int_row","L","88","S"
"int_row","L","88","F"
"int_row","Y","89","C"
"int_row","G","91","R"
"int_row","T","94","I"
"int_row","Q","98","R"
"int_row","P","99","L"
"int_row","L","100","V"
"int_row","L","102","R"
"int_row","R","104","G"
"int_row","I","105","V"
"int_row","D","110","H"
"int_row","P","111","L"
"int_row","D","112","N"
"int_row","D","112","G"
"int_row","E","116","Q"
"int_row","E","116","G"
"int_row","E","116","A"
"int_row","R","117","C"
"int_row","R","117","S"
"int_row","R","117","G"
"int_row","R","117","H"
"int_row","R","117","L"
"int_row","I","119","V"
"int_row","A","120","T"
"int_row","A","120","S"
"int_row","I","121","F"
"int_row","Y","122","C"
"int_row","I","125","T"
"int_row","G","126","S"
"int_row","L","130","V"
"int_row","F","131","L"
"int_row","I","132","V"
"int_row","T","135","S"
"int_row","P","140","S"
"int_row","P","140","R"
"int_row","H","147","Q"
"int_row","I","148","T"
"int_row","M","150","I"
"int_row","Q","151","K"
"int_row","Q","151","P"
"int_row","M","152","L"
"int_row","R","153","K"
"int_row","I","154","T"
"int_row","M","156","V"
"int_row","S","158","C"
"int_row","S","158","T"
"int_row","S","158","N"
"int_row","T","164","A"
"int_row","R","170","C"
"int_row","R","170","S"
"int_row","R","170","H"
"int_row","V","171","I"
"int_row","L","172","I"
"int_row","S","176","T"
"int_row","I","177","M"
"int_row","G","178","R"
"int_row","Q","179","K"
"int_row","L","180","V"
"int_row","L","183","I"
"int_row","L","188","P"
"int_row","F","191","V"
"int_row","E","193","G"
"int_row","H","199","R"
"int_row","F","200","L"
"int_row","V","201","M"
"int_row","A","204","T"
"int_row","P","205","L"
"int_row","L","206","W"
"int_row","V","208","A"
"int_row","A","209","S"
"int_row","L","210","F"
"int_row","M","212","V"
"int_row","G","213","E"
"int_row","L","214","V"
"int_row","E","217","G"
"int_row","F","224","L"
"int_row","G","226","E"
"int_row","L","227","R"
"int_row","V","232","D"
"int_row","L","233","V"
"int_row","A","234","S"
"int_row","A","234","V"
"int_row","L","235","P"
"int_row","F","236","S"
"int_row","Q","237","E"
"int_row","G","239","R"
"int_row","G","241","R"
"int_row","R","242","K"
"int_row","M","243","V"
"int_row","M","243","T"
"int_row","M","244","V"
"int_row","R","248","K"
"int_row","A","252","P"
"int_row","S","256","G"
"int_row","R","258","G"
"int_row","R","258","I"
"int_row","L","259","F"
"int_row","L","259","V"
"int_row","V","260","G"
"int_row","I","269","T"
"int_row","V","272","A"
"int_row","K","273","M"
"int_row","E","279","D"
"int_row","A","280","S"
"int_row","M","281","V"
"int_row","M","281","T"
"int_row","E","282","D"
"int_row","K","283","R"
"int_row","I","285","F"
"int_row","I","285","T"
"int_row","N","287","Y"
"int_row","N","287","S"
"int_row","N","287","K"
"int_row","T","291","I"
"int_row","T","291","R"
"int_row","R","297","W"
"int_row","R","297","Q"
"int_row","Y","301","C"
"int_row","N","306","S"
"int_row","A","309","T"
"int_row","A","309","G"
"int_row","F","315","S"
"int_row","L","320","V"
"int_row","L","320","F"
"int_row","S","321","P"
"int_row","V","322","M"
"int_row","Y","325","C"
"int_row","L","327","R"
"int_row","I","331","N"
"int_row","R","334","W"
"int_row","R","334","Q"
"int_row","I","336","T"
"int_row","F","337","V"
"int_row","T","338","I"
"int_row","C","343","F"
"int_row","I","344","V"
"int_row","R","347","C"
"int_row","R","347","P"
"int_row","R","347","H"
"int_row","M","348","K"
"int_row","A","349","V"
"int_row","T","351","S"
"int_row","T","351","I"
"int_row","R","352","W"
"int_row","R","352","Q"
"int_row","Q","353","H"
"int_row","P","355","L"
"int_row","W","356","S"
"int_row","T","360","I"
"int_row","I","371","T"
"int_row","I","371","M"
"int_row","D","373","N"
"int_row","L","375","F"
"int_row","Q","378","R"
"int_row","E","379","D"
"int_row","Y","380","C"
"int_row","T","382","P"
"int_row","T","388","M"
"int_row","T","389","S"
"int_row","T","390","A"
"int_row","N","396","Y"
"int_row","A","399","V"
"int_row","A","399","G"
"int_row","W","401","L"
"int_row","W","401","C"
"int_row","G","404","R"
"int_row","G","406","E"
"int_row","E","407","V"
"int_row","K","411","E"
"int_row","A","455","E"
"int_row","A","455","V"
"int_row","V","456","A"
"int_row","T","465","N"
"int_row","S","466","L"
"int_row","L","467","F"
"int_row","L","467","P"
"int_row","M","469","V"
"int_row","M","469","I"
"int_row","M","469","I"
"int_row","V","470","M"
"int_row","E","474","Q"
"int_row","P","477","S"
"int_row","E","479","D"
"int_row","S","485","C"
"int_row","S","485","T"
"int_row","R","487","K"
"int_row","F","490","C"
"int_row","C","491","F"
"int_row","P","499","A"
"int_row","G","500","D"
"int_row","I","502","V"
"int_row","I","502","T"
"int_row","I","506","V"
"int_row","I","506","L"
"int_row","I","506","T"
"int_row","I","507","V"
"int_row","F","508","V"
"int_row","F","508","L"
"int_row","F","508","C"
"int_row","V","510","I"
"int_row","Y","515","H"
"int_row","V","520","I"
"int_row","V","520","F"
"int_row","I","521","M"
"int_row","E","527","G"
"int_row","E","528","K"
"int_row","I","530","V"
"int_row","I","530","M"
"int_row","A","534","E"
"int_row","K","536","E"
"int_row","I","539","T"
"int_row","G","542","E"
"int_row","G","544","S"
"int_row","T","547","A"
"int_row","S","549","R"
"int_row","S","549","N"
"int_row","G","551","D"
"int_row","I","556","V"
"int_row","S","557","T"
"int_row","A","559","T"
"int_row","R","560","T"
"int_row","R","560","S"
"int_row","V","562","I"
"int_row","V","562","L"
"int_row","K","564","E"
"int_row","D","565","Y"
"int_row","D","565","H"
"int_row","Y","569","D"
"int_row","D","572","E"
"int_row","S","573","F"
"int_row","F","575","Y"
"int_row","G","576","A"
"int_row","G","576","V"
"int_row","Y","577","F"
"int_row","T","582","S"
"int_row","F","587","I"
"int_row","F","587","V"
"int_row","E","588","K"
"int_row","E","588","G"
"int_row","C","592","Y"
"int_row","M","595","V"
"int_row","M","595","L"
"int_row","N","597","T"
"int_row","N","597","K"
"int_row","T","599","S"
"int_row","I","601","F"
"int_row","V","603","I"
"int_row","V","603","A"
"int_row","S","605","P"
"int_row","L","610","I"
"int_row","D","614","G"
"int_row","I","616","V"
"int_row","L","617","F"
"int_row","I","618","T"
"int_row","H","620","R"
"int_row","H","620","L"
"int_row","G","622","D"
"int_row","Y","625","N"
"int_row","F","626","L"
"int_row","G","628","R"
"int_row","L","636","P"
"int_row","S","641","G"
"int_row","M","645","T"
"int_row","M","645","K"
"int_row","D","648","N"
"int_row","F","650","L"
"int_row","D","651","N"
"int_row","Q","652","K"
"int_row","Q","652","E"
"int_row","R","668","C"
"int_row","R","668","H"
"int_row","E","672","K"
"int_row","D","674","G"
"int_row","D","674","V"
"int_row","P","676","A"
"int_row","P","676","S"
"int_row","S","678","F"
"int_row","E","681","V"
"int_row","S","686","Y"
"int_row","T","690","A"
"int_row","F","693","L"
"int_row","E","695","G"
"int_row","N","699","K"
"int_row","N","703","I"
"int_row","P","704","L"
"int_row","I","705","V"
"int_row","I","708","T"
"int_row","R","709","Q"
"int_row","V","714","L"
"int_row","Q","715","H"
"int_row","T","717","I"
"int_row","P","718","R"
"int_row","Q","720","R"
"int_row","G","723","V"
"int_row","E","725","K"
"int_row","P","731","L"
"int_row","S","737","T"
"int_row","S","737","F"
"int_row","V","739","I"
"int_row","P","740","L"
"int_row","A","747","V"
"int_row","P","750","L"
"int_row","R","751","C"
"int_row","R","751","H"
"int_row","I","752","S"
"int_row","S","753","N"
"int_row","V","754","M"
"int_row","I","755","F"
"int_row","T","760","M"
"int_row","T","760","R"
"int_row","R","765","K"
"int_row","H","775","Y"
"int_row","H","775","R"
"int_row","I","783","V"
"int_row","R","785","Q"
"int_row","R","785","P"
"int_row","K","786","N"
"int_row","R","792","G"
"int_row","R","792","Q"
"int_row","A","800","S"
"int_row","D","806","G"
"int_row","I","807","M"
"int_row","R","810","G"
"int_row","R","811","S"
"int_row","G","817","V"
"int_row","E","823","D"
"int_row","E","826","K"
"int_row","E","826","D"
"int_row","D","828","N"
"int_row","C","832","Y"
"int_row","F","834","L"
"int_row","D","836","Y"
"int_row","M","837","T"
"int_row","N","847","S"
"int_row","Y","849","H"
"int_row","Y","849","C"
"int_row","R","851","Q"
"int_row","I","853","F"
"int_row","I","853","V"
"int_row","T","854","I"
"int_row","V","855","I"
"int_row","K","857","N"
"int_row","L","859","F"
"int_row","V","862","L"
"int_row","C","866","Y"
"int_row","V","874","L"
"int_row","S","877","A"
"int_row","T","887","P"
"int_row","T","887","N"
"int_row","P","888","H"
"int_row","L","889","F"
"int_row","Q","890","R"
"int_row","D","891","N"
"int_row","D","891","G"
"int_row","S","895","N"
"int_row","S","895","T"
"int_row","T","896","I"
"int_row","H","897","Y"
"int_row","Y","903","C"
"int_row","I","907","S"
"int_row","T","908","N"
"int_row","S","911","N"
"int_row","S","912","L"
"int_row","Y","913","C"
"int_row","V","915","L"
"int_row","Y","919","C"
"int_row","V","920","M"
"int_row","V","920","L"
"int_row","G","921","R"
"int_row","D","924","N"
"int_row","L","926","S"
"int_row","L","926","F"
"int_row","G","934","S"
"int_row","P","936","T"
"int_row","V","938","L"
"int_row","V","938","L"
"int_row","V","938","G"
"int_row","H","939","Q"
"int_row","T","940","I"
"int_row","S","945","L"
"int_row","I","947","T"
"int_row","H","949","L"
"int_row","K","951","E"
"int_row","M","952","T"
"int_row","M","952","I"
"int_row","M","952","I"
"int_row","H","954","Y"
"int_row","A","959","T"
"int_row","A","959","V"
"int_row","P","960","S"
"int_row","M","961","T"
"int_row","N","965","K"
"int_row","L","967","S"
"int_row","G","970","D"
"int_row","L","973","F"
"int_row","F","976","S"
"int_row","F","976","L"
"int_row","F","976","L"
"int_row","S","977","A"
"int_row","D","979","A"
"int_row","I","980","K"
"int_row","D","984","N"
"int_row","D","985","N"
"int_row","D","985","E"
"int_row","L","986","P"
"int_row","T","990","S"
"int_row","T","990","N"
"int_row","I","991","V"
"int_row","I","991","M"
"int_row","F","992","L"
"int_row","D","993","G"
"int_row","F","994","C"
"int_row","F","994","L"
"int_row","I","995","L"
"int_row","L","997","F"
"int_row","V","1001","L"
"int_row","I","1002","F"
"int_row","A","1004","G"
"int_row","I","1005","R"
"int_row","A","1006","T"
"int_row","V","1008","D"
"int_row","A","1009","T"
"int_row","A","1009","V"
"int_row","P","1013","L"
"int_row","P","1013","H"
"int_row","P","1013","R"
"int_row","Y","1014","C"
"int_row","F","1016","S"
"int_row","A","1018","T"
"int_row","P","1021","T"
"int_row","V","1022","M"
"int_row","I","1023","R"
"int_row","A","1025","V"
"int_row","I","1027","T"
"int_row","A","1031","V"
"int_row","Y","1032","C"
"int_row","Q","1039","R"
"int_row","K","1041","Q"
"int_row","G","1047","V"
"int_row","I","1051","V"
"int_row","I","1051","F"
"int_row","F","1052","V"
"int_row","T","1053","I"
"int_row","H","1054","Q"
"int_row","T","1057","A"
"int_row","R","1066","C"
"int_row","R","1066","H"
"int_row","A","1067","V"
"int_row","G","1069","R"
"int_row","R","1070","W"
"int_row","R","1070","Q"
"int_row","F","1074","L"
"int_row","L","1077","P"
"int_row","K","1080","Q"
"int_row","K","1080","R"
"int_row","W","1089","C"
"int_row","L","1091","F"
"int_row","Y","1092","H"
"int_row","Y","1092","C"
"int_row","R","1097","C"
"int_row","R","1097","H"
"int_row","W","1098","C"
"int_row","F","1099","L"
"int_row","M","1101","K"
"int_row","I","1106","T"
"int_row","V","1108","L"
"int_row","I","1109","V"
"int_row","F","1111","L"
"int_row","F","1116","S"
"int_row","I","1117","T"
"int_row","S","1118","C"
"int_row","S","1118","F"
"int_row","G","1130","A"
"int_row","I","1131","V"
"int_row","A","1136","T"
"int_row","M","1137","V"
"int_row","M","1137","T"
"int_row","I","1139","V"
"int_row","M","1140","V"
"int_row","S","1141","R"
"int_row","N","1148","K"
"int_row","S","1149","P"
"int_row","D","1152","H"
"int_row","V","1153","E"
"int_row","L","1156","F"
"int_row","M","1157","I"
"int_row","R","1158","Q"
"int_row","S","1159","P"
"int_row","R","1162","L"
"int_row","R","1162","Q"
"int_row","K","1165","R"
"int_row","F","1166","L"
"int_row","T","1171","A"
"int_row","G","1173","S"
"int_row","K","1174","T"
"int_row","K","1177","R"
"int_row","K","1177","T"
"int_row","P","1181","Q"
"int_row","Y","1182","H"
"int_row","L","1187","I"
"int_row","L","1187","V"
"int_row","S","1188","P"
"int_row","M","1191","T"
"int_row","H","1197","R"
"int_row","H","1197","L"
"int_row","V","1198","M"
"int_row","V","1198","L"
"int_row","K","1199","R"
"int_row","K","1200","Q"
"int_row","G","1208","D"
"int_row","M","1210","L"
"int_row","A","1217","V"
"int_row","Y","1219","H"
"int_row","T","1220","I"
"int_row","N","1224","K"
"int_row","A","1225","V"
"int_row","L","1227","S"
"int_row","E","1228","Q"
"int_row","N","1229","K"
"int_row","I","1230","T"
"int_row","I","1234","V"
"int_row","S","1235","R"
"int_row","G","1237","D"
"int_row","Q","1238","K"
"int_row","R","183","K"
"int_row","H","186","Q"
"int_row","C","187","G"
"int_row","C","187","S"
"int_row","C","190","S"
"int_row","G","1244","E"
"int_row","T","1246","I"
"int_row","G","1249","R"
"int_row","S","1251","N"
"int_row","L","1254","F"
"int_row","A","1256","V"
"int_row","F","1257","L"
"int_row","T","1263","I"
"int_row","Q","1268","R"
"int_row","I","1269","M"
"int_row","D","1270","N"
"int_row","D","1270","G"
"int_row","V","1272","G"
"int_row","I","1277","T"
"int_row","Q","1281","E"
"int_row","Q","1281","R"
"int_row","W","1282","C"
"int_row","R","1283","K"
"int_row","A","1285","V"
"int_row","P","1290","T"
"int_row","P","1290","L"
"int_row","Q","1291","R"
"int_row","Q","1291","H"
"int_row","V","1293","I"
"int_row","T","1299","A"
"int_row","F","1300","L"
"int_row","N","1303","I"
"int_row","N","1303","K"
"int_row","P","1306","S"
"int_row","Y","1307","N"
"int_row","Q","1309","E"
"int_row","W","1310","G"
"int_row","D","1312","G"
"int_row","Q","1313","K"
"int_row","E","1321","K"
"int_row","V","1322","I"
"int_row","V","1322","F"
"int_row","I","1328","T"
"int_row","I","1328","M"
"int_row","F","1331","L"
"int_row","L","1335","F"
"int_row","F","1337","V"
"int_row","L","1339","P"
"int_row","D","1341","G"
"int_row","G","1343","S"
"int_row","G","1343","D"
"int_row","G","1343","A"
"int_row","C","1344","S"
"int_row","S","1347","N"
"int_row","G","1349","S"
"int_row","Q","1352","E"
"int_row","Q","1352","H"
"int_row","Q","1352","H"
"int_row","M","1354","T"
"int_row","M","1354","I"
"int_row","C","1355","G"
"int_row","R","1358","T"
"int_row","L","1361","V"
"int_row","S","1362","N"
"int_row","S","1362","T"
"int_row","A","1364","V"
"int_row","I","1366","F"
"int_row","I","1366","T"
"int_row","L","1369","F"
"int_row","D","1370","H"
"int_row","D","1370","G"
"int_row","H","1375","N"
"int_row","H","1375","R"
"int_row","D","1377","H"
"int_row","P","1378","L"
"int_row","V","1379","L"
"int_row","Y","1381","S"
"int_row","Q","1382","K"
"int_row","Q","1382","H"
"int_row","F","1392","L"
"int_row","T","1396","P"
"int_row","I","1398","S"
"int_row","E","1409","K"
"int_row","Q","1411","P"
"int_row","F","1413","L"
"int_row","V","1415","D"
"int_row","V","1421","L"
"int_row","R","1422","W"
"int_row","R","1422","Q"
"int_row","S","1426","P"
"int_row","S","1426","F"
"int_row","S","1426","Y"
"int_row","N","1432","K"
"int_row","E","1433","K"
"int_row","L","1436","F"
"int_row","I","1441","T"
"int_row","S","1442","R"
"int_row","S","1444","F"
"int_row","D","1445","N"
"int_row","F","1450","I"
"int_row","R","1453","W"
"int_row","R","1453","G"
"int_row","R","1453","Q"
"int_row","S","1455","A"
"int_row","K","1457","N"
"int_row","I","1464","T"
"int_row","A","1466","S"
"int_row","V","1475","M"
"int_row","V","1475","L"
"int_row","L","1480","P"
